{
    "dc_per_class_pp_all": {
        "1": 0.8364179481584603,
        "2": 0.7725411496638808
    },
    "dc_per_class_pp_per_class": {
        "1": 0.8421754486329246,
        "2": 0.7157615740165861
    },
    "dc_per_class_raw": {
        "1": 0.8420679907725367,
        "2": 0.7710054422933877
    },
    "for_which_classes": [
        1
    ],
    "min_valid_object_sizes": "None",
    "num_samples": 502,
    "validation_final": "validation_raw_postprocessed",
    "validation_raw": "validation_raw"
}