{
    "dc_per_class_pp_all": {
        "1": 0.8508354625963114,
        "2": 0.7884261968108688
    },
    "dc_per_class_pp_per_class": {
        "1": 0.8598953783702439,
        "2": 0.7305312327260507
    },
    "dc_per_class_raw": {
        "1": 0.8588043491156802,
        "2": 0.7887492728292715
    },
    "for_which_classes": [
        1
    ],
    "min_valid_object_sizes": "None",
    "num_samples": 502,
    "validation_final": "validation_raw_postprocessed",
    "validation_raw": "validation_raw"
}